id,Success,Elapsed_time
24,False,3.682025194168091
152,False,6.162873268127441
105,False,4.8144989013671875
